birthday;lastname;firstname;email
24/07/2024;Lorem;Ipsoum;someone@gmail.com
01/01/2024;Doe;John;john.doe@example.com
02/02/2024;Smith;Jane;jane.smith@example.com
03/03/2024;Brown;Charlie;charlie.brown@example.com
04/04/2024;Johnson;Emily;emily.johnson@example.com
05/05/2024;Williams;Michael;michael.williams@example.com
06/06/2024;Jones;Sarah;sarah.jones@example.com
07/07/2024;Garcia;David;david.garcia@example.com
08/08/2024;Miller;Laura;laura.miller@example.com
09/09/2024;Davis;James;james.davis@example.com
10/10/2024;Rodriguez;Mary;mary.rodriguez@example.com
11/11/2024;Martinez;Robert;robert.martinez@example.com
12/12/2024;Hernandez;Linda;linda.hernandez@example.com
13/01/2024;Lopez;William;william.lopez@example.com
14/02/2024;Gonzalez;Elizabeth;elizabeth.gonzalez@example.com
15/03/2024;Wilson;Joseph;joseph.wilson@example.com
16/04/2024;Anderson;Patricia;patricia.anderson@example.com
17/05/2024;Thomas;Christopher;christopher.thomas@example.com
18/06/2024;Taylor;Barbara;barbara.taylor@example.com
19/07/2024;Moore;Daniel;daniel.moore@example.com
20/08/2024;Jackson;Susan;susan.jackson@example.com
21/09/2024;Martin;Paul;paul.martin@example.com
22/10/2024;Lee;Nancy;nancy.lee@example.com
23/11/2024;Perez;Mark;mark.perez@example.com
24/12/2024;Thompson;Sandra;sandra.thompson@example.com
25/01/2024;White;Steven;steven.white@example.com
26/02/2024;Harris;Donna;donna.harris@example.com
27/03/2024;Sanchez;Andrew;andrew.sanchez@example.com
28/04/2024;Clark;Karen;karen.clark@example.com
29/05/2024;Ramirez;Joshua;joshua.ramirez@example.com
30/06/2024;Lewis;Betty;betty.lewis@example.com
01/07/2024;Robinson;Brian;brian.robinson@example.com
02/08/2024;Walker;Helen;helen.walker@example.com
03/09/2024;Young;Kevin;kevin.young@example.com
04/10/2024;Allen;Dorothy;dorothy.allen@example.com
05/11/2024;King;Jason;jason.king@example.com
06/12/2024;Wright;Deborah;deborah.wright@example.com
07/01/2024;Scott;Jeffrey;jeffrey.scott@example.com
08/02/2024;Torres;Carol;carol.torres@example.com
09/03/2024;Nguyen;Ryan;ryan.nguyen@example.com
10/04/2024;Hill;Sharon;sharon.hill@example.com
11/05/2024;Flores;Jacob;jacob.flores@example.com
12/06/2024;Green;Michelle;michelle.green@example.com
13/07/2024;Adams;Gary;gary.adams@example.com
14/08/2024;Nelson;Laura;laura.nelson@example.com
15/09/2024;Baker;Nicholas;nicholas.baker@example.com
16/10/2024;Hall;Kimberly;kimberly.hall@example.com
17/11/2024;Rivera;Eric;eric.rivera@example.com
18/12/2024;Campbell;Angela;angela.campbell@example.com
19/01/2024;Mitchell;Jonathan;jonathan.mitchell@example.com
20/02/2024;Carter;Melissa;melissa.carter@example.com
21/03/2024;Roberts;Justin;justin.roberts@example.com
22/04/2024;Gomez;Stephanie;stephanie.gomez@example.com
23/05/2024;Phillips;Brandon;brandon.phillips@example.com
24/06/2024;Evans;Rebecca;rebecca.evans@example.com
25/07/2024;Turner;Gregory;gregory.turner@example.com
26/08/2024;Diaz;Laura;laura.diaz@example.com
27/09/2024;Parker;Benjamin;benjamin.parker@example.com
28/10/2024;Cruz;Jessica;jessica.cruz@example.com
29/11/2024;Edwards;Patrick;patrick.edwards@example.com
30/12/2024;Collins;Amanda;amanda.collins@example.com
31/01/2024;Reyes;Alexander;alexander.reyes@example.com
01/02/2024;Stewart;Rebecca;rebecca.stewart@example.com
02/03/2024;Morris;Samuel;samuel.morris@example.com
03/04/2024;Morales;Katherine;katherine.morales@example.com
04/05/2024;Murphy;Timothy;timothy.murphy@example.com
05/06/2024;Cook;Shirley;shirley.cook@example.com
06/07/2024;Rogers;Frank;frank.rogers@example.com
07/08/2024;Gutierrez;Pamela;pamela.gutierrez@example.com
08/09/2024;Ortiz;Dennis;dennis.ortiz@example.com
09/10/2024;Morgan;Catherine;catherine.morgan@example.com
10/11/2024;Cooper;Jerry;jerry.cooper@example.com
11/12/2024;Peterson;Frances;frances.peterson@example.com
12/01/2024;Bailey;Walter;walter.bailey@example.com
13/02/2024;Reed;Martha;martha.reed@example.com
14/03/2024;Kelly;Peter;peter.kelly@example.com
15/04/2024;Howard;Debra;debra.howard@example.com
16/05/2024;Ramos;Harold;harold.ramos@example.com
17/06/2024;Kim;Janet;janet.kim@example.com
18/07/2024;Cox;Henry;henry.cox@example.com
19/08/2024;Ward;Maria;maria.ward@example.com
20/09/2024;Richardson;Douglas;douglas.richardson@example.com
21/10/2024;Watson;Diane;diane.watson@example.com
22/11/2024;Brooks;Arthur;arthur.brooks@example.com
23/12/2024;Chavez;Gloria;gloria.chavez@example.com
24/01/2024;Wood;Lawrence;lawrence.wood@example.com
25/02/2024;James;Judy;judy.james@example.com
26/03/2024;Bennett;Terry;terry.bennett@example.com
27/04/2024;Gray;Theresa;theresa.gray@example.com
28/05/2024;Mendoza;Wayne;wayne.mendoza@example.com
29/06/2024;Ruiz;Beverly;beverly.ruiz@example.com
30/07/2024;Hughes;Louis;louis.hughes@example.com
31/08/2024;Price;Denise;denise.price@example.com
01/09/2024;Alvarez;Bruce;bruce.alvarez@example.com
02/10/2024;Castillo;Rachel;rachel.castillo@example.com
03/11/2024;Sanders;Ralph;ralph.sanders@example.com
04/12/2024;Patel;Janice;janice.patel@example.com
05/01/2024;Myers;Roy;roy.myers@example.com
06/02/2024;Long;Julia;julia.long@example.com
07/03/2024;Ross;Albert;albert.ross@example.com
08/04/2024;Foster;Marie;marie.foster@example.com
09/05/2024;Jimenez;Eugene;eugene.jimenez@example.com
10/06/2024;Powell;Alice;alice.powell@example.com
29/07/2024;Nautré;Baptiste;baptiste.nautre@hotmail.fr